<?xml version="1.0"?> 
<dblp> 
    <article key="journals/kais/LiuLH11" mdate="2011-01-26"> 
        <author>Hongyan Liu</author> 
        <author>Yuan Lin</author> 
        <author>Jiawei Han</author> 
        <title>Methods for mining frequent items in data streams: an overview.</title> 
        <pages>1-30</pages> 
        <year>2011</year> 
        <volume>26</volume> 
        <journal>Knowl. Inf. Syst.</journal> 
        <number>1</number> 
        <ee>http://dx.doi.org/10.1007/s10115-009-0267-2</ee> 
        <url>db/journals/kais/kais26.html#LiuLH11</url> 
    </article> 
    <article key="journals/kais/MuhlesteinL11" mdate="2011-01-26"> 
        <author>Dennis Muhlestein</author> 
        <author>SeungJin Lim</author> 
        <title>
            Online learning with social computing based interest sharing.
        </title>
        <pages>31-58</pages> 
        <year>2011</year> 
        <volume>26</volume> 
        <journal>Knowl. Inf. Syst.</journal> 
        <number>1</number> 
        <ee>http://dx.doi.org/10.1007/s10115-009-0265-4</ee> 
        <url>db/journals/kais/kais26.html#MuhlesteinL11</url> 
    </article> 
</dblp>
